URL,FilePath
https://lilycare.fr/,rendu_https_lilycare.fr_.html
https://lilycare.fr/a-propos-de-lilycare,rendu_https_lilycare.fr_a-propos-de-lilycare.html
https://lilycare.fr/assurance-chomage-dirigeant,rendu_https_lilycare.fr_assurance-chomage-dirigeant.html
https://lilycare.fr/assurance-emprunteur-tns,rendu_https_lilycare.fr_assurance-emprunteur-tns.html
https://lilycare.fr/bilan-retraite-individuel,rendu_https_lilycare.fr_bilan-retraite-individuel.html
https://lilycare.fr/blog/arret-de-travail-carpimko,rendu_https_lilycare.fr_blog_arret-de-travail-carpimko.html
https://lilycare.fr/blog/arret-de-travail-indemnites-journalieres-infirmiere-liberale,rendu_https_lilycare.fr_blog_arret-de-travail-indemnites-journalieres-infirmiere-liberale.html
https://lilycare.fr/blog/arret-travail-independants-indemnisation-demarches,rendu_https_lilycare.fr_blog_arret-travail-independants-indemnisation-demarches.html
https://lilycare.fr/blog/assurance-decennale-artisans-btp,rendu_https_lilycare.fr_blog_assurance-decennale-artisans-btp.html
https://lilycare.fr/blog/assurance-perte-autonomie-travailleurs-independants,rendu_https_lilycare.fr_blog_assurance-perte-autonomie-travailleurs-independants.html
https://lilycare.fr/blog/assurance-perte-revenus-fonctionnement,rendu_https_lilycare.fr_blog_assurance-perte-revenus-fonctionnement.html
https://lilycare.fr/blog/assurance-prevoyance-professionnels,rendu_https_lilycare.fr_blog_assurance-prevoyance-professionnels.html
https://lilycare.fr/blog/assurance-rc-pro-obligations-legales-et-risques-par-profession,rendu_https_lilycare.fr_blog_assurance-rc-pro-obligations-legales-et-risques-par-profession.html
https://lilycare.fr/blog/auto-entrepreneur-retraite-tout-savoir,rendu_https_lilycare.fr_blog_auto-entrepreneur-retraite-tout-savoir.html
https://lilycare.fr/blog/autoentrepreneur-cipav,rendu_https_lilycare.fr_blog_autoentrepreneur-cipav.html
https://lilycare.fr/blog/avocat-mutuelle-prevoyance,rendu_https_lilycare.fr_blog_avocat-mutuelle-prevoyance.html
https://lilycare.fr/blog/burn-out-entrepreneur-comment-le-gerer,rendu_https_lilycare.fr_blog_burn-out-entrepreneur-comment-le-gerer.html
https://lilycare.fr/blog/capital-deces-independants,rendu_https_lilycare.fr_blog_capital-deces-independants.html
https://lilycare.fr/blog/capital-sante-entrepreneurs-interview-b-smart,rendu_https_lilycare.fr_blog_capital-sante-entrepreneurs-interview-b-smart.html
https://lilycare.fr/blog/carcdsf-comprendre-le-regime-obligatoire-des-chirurgiens-dentistes-et-sages-femmes,rendu_https_lilycare.fr_blog_carcdsf-comprendre-le-regime-obligatoire-des-chirurgiens-dentistes-et-sages-femmes.html
https://lilycare.fr/blog/carmf-retraite-prevoyance-medecins,rendu_https_lilycare.fr_blog_carmf-retraite-prevoyance-medecins.html
https://lilycare.fr/blog/carpimko-retraite-prevoyance-paramedicaux-liberaux,rendu_https_lilycare.fr_blog_carpimko-retraite-prevoyance-paramedicaux-liberaux.html
https://lilycare.fr/blog/cavp-regime-obligatoire-pharmaciens,rendu_https_lilycare.fr_blog_cavp-regime-obligatoire-pharmaciens.html
https://lilycare.fr/blog/choisir-mutuelle-dirigeant-entreprise,rendu_https_lilycare.fr_blog_choisir-mutuelle-dirigeant-entreprise.html
https://lilycare.fr/blog/choisir-mutuelle-freelance,rendu_https_lilycare.fr_blog_choisir-mutuelle-freelance.html
https://lilycare.fr/blog/choisir-mutuelle-independants,rendu_https_lilycare.fr_blog_choisir-mutuelle-independants.html
https://lilycare.fr/blog/choisir-prevoyance-artisan,rendu_https_lilycare.fr_blog_choisir-prevoyance-artisan.html
https://lilycare.fr/blog/choisir-prevoyance-commercant,rendu_https_lilycare.fr_blog_choisir-prevoyance-commercant.html
https://lilycare.fr/blog/cnav-comprendre-retraite-salaries,rendu_https_lilycare.fr_blog_cnav-comprendre-retraite-salaries.html
https://lilycare.fr/blog/cnavpl,rendu_https_lilycare.fr_blog_cnavpl.html
https://lilycare.fr/blog/cnbf-comprendre-regime-obligatoire-avocats,rendu_https_lilycare.fr_blog_cnbf-comprendre-regime-obligatoire-avocats.html
https://lilycare.fr/blog/combien-de-trimestres-pour-retraite,rendu_https_lilycare.fr_blog_combien-de-trimestres-pour-retraite.html
https://lilycare.fr/blog/comment-changer-mutuelle-independants,rendu_https_lilycare.fr_blog_comment-changer-mutuelle-independants.html
https://lilycare.fr/blog/comment-choisir-prevoyance-professionnels-independants,rendu_https_lilycare.fr_blog_comment-choisir-prevoyance-professionnels-independants.html
https://lilycare.fr/blog/comment-choisir-prevoyance-professions-liberales,rendu_https_lilycare.fr_blog_comment-choisir-prevoyance-professions-liberales.html
https://lilycare.fr/blog/comment-savoir-si-epargne-salariale,rendu_https_lilycare.fr_blog_comment-savoir-si-epargne-salariale.html
https://lilycare.fr/blog/comment-savoir-son-r%C3%A9gime-protection-sociale,rendu_https_lilycare.fr_blog_comment-savoir-son-r%C3%A9gime-protection-sociale.html
https://lilycare.fr/blog/comment-toucher-totalite-salaire-arret-maladie,rendu_https_lilycare.fr_blog_comment-toucher-totalite-salaire-arret-maladie.html
https://lilycare.fr/blog/comment-trouver-mutuelle-professionnelle,rendu_https_lilycare.fr_blog_comment-trouver-mutuelle-professionnelle.html
https://lilycare.fr/blog/commercant-mutuelle-prevoyance,rendu_https_lilycare.fr_blog_commercant-mutuelle-prevoyance.html
https://lilycare.fr/blog/comparatif-mutuelles-sante-independants,rendu_https_lilycare.fr_blog_comparatif-mutuelles-sante-independants.html
https://lilycare.fr/blog/comprendre-remboursement-depassements-honoraires,rendu_https_lilycare.fr_blog_comprendre-remboursement-depassements-honoraires.html
https://lilycare.fr/blog/comprendre-retraite-tns,rendu_https_lilycare.fr_blog_comprendre-retraite-tns.html
https://lilycare.fr/blog/contrat-mutuelle-responsable,rendu_https_lilycare.fr_blog_contrat-mutuelle-responsable.html
https://lilycare.fr/blog/courrier-resiliation-mutuelle-independants-guide-complet,rendu_https_lilycare.fr_blog_courrier-resiliation-mutuelle-independants-guide-complet.html
https://lilycare.fr/blog/courtier-mutuelle,rendu_https_lilycare.fr_blog_courtier-mutuelle.html
https://lilycare.fr/blog/courtier-prevoyance-role,rendu_https_lilycare.fr_blog_courtier-prevoyance-role.html
https://lilycare.fr/blog/cumuler-retraite-et-activit%C3%A9-autoentrepreneur,rendu_https_lilycare.fr_blog_cumuler-retraite-et-activit%C3%A9-autoentrepreneur.html
https://lilycare.fr/blog/deces-professionnel-independant-consequences-famille,rendu_https_lilycare.fr_blog_deces-professionnel-independant-consequences-famille.html
https://lilycare.fr/blog/delais-carence-mutuelle,rendu_https_lilycare.fr_blog_delais-carence-mutuelle.html
https://lilycare.fr/blog/devenir-auto-entrepreneur,rendu_https_lilycare.fr_blog_devenir-auto-entrepreneur.html
https://lilycare.fr/blog/differences-assurance-vie-assurance-deces,rendu_https_lilycare.fr_blog_differences-assurance-vie-assurance-deces.html
https://lilycare.fr/blog/dirigeant-face-a-sa-protection-sociale-tribune-cadre-dirigeant-magazine,rendu_https_lilycare.fr_blog_dirigeant-face-a-sa-protection-sociale-tribune-cadre-dirigeant-magazine.html
https://lilycare.fr/blog/dirigeants-pourquoi-anticiper-votre-chomage-surtout-quand-tout-va-bien-lilycare-dans-maddyness,rendu_https_lilycare.fr_blog_dirigeants-pourquoi-anticiper-votre-chomage-surtout-quand-tout-va-bien-lilycare-dans-maddyness.html
https://lilycare.fr/blog/embaucher-comme-auto-entrepreneur,rendu_https_lilycare.fr_blog_embaucher-comme-auto-entrepreneur.html
https://lilycare.fr/blog/etude-kantar-lilycare-juillet-2023-prevoyance-independants,rendu_https_lilycare.fr_blog_etude-kantar-lilycare-juillet-2023-prevoyance-independants.html
https://lilycare.fr/blog/etude-kantar-lilycare-rtl,rendu_https_lilycare.fr_blog_etude-kantar-lilycare-rtl.html
https://lilycare.fr/blog/guide-complet-indemnites-journalieres-independants,rendu_https_lilycare.fr_blog_guide-complet-indemnites-journalieres-independants.html
https://lilycare.fr/blog/hausse-cotisations-mutuelle-independants-2025,rendu_https_lilycare.fr_blog_hausse-cotisations-mutuelle-independants-2025.html
https://lilycare.fr/blog/hausse-pass-2025-consequences-protection-sociale,rendu_https_lilycare.fr_blog_hausse-pass-2025-consequences-protection-sociale.html
https://lilycare.fr/blog/indice-de-vulnerabilite-tns,rendu_https_lilycare.fr_blog_indice-de-vulnerabilite-tns.html
https://lilycare.fr/blog/interview-bsmart-prevoyance-TNS,rendu_https_lilycare.fr_blog_interview-bsmart-prevoyance-TNS.html
https://lilycare.fr/blog/lilycare-agefi-actifs-comprendre-bilan-retraite,rendu_https_lilycare.fr_blog_lilycare-agefi-actifs-comprendre-bilan-retraite.html
https://lilycare.fr/blog/lilycare-argus-de-lassurance-pourquoi-les-travailleurs-independants-negligent-encore-leurs-assurances,rendu_https_lilycare.fr_blog_lilycare-argus-de-lassurance-pourquoi-les-travailleurs-independants-negligent-encore-leurs-assurances.html
https://lilycare.fr/blog/lilycare-beaboss-independants-mal-informes-protection-sociale,rendu_https_lilycare.fr_blog_lilycare-beaboss-independants-mal-informes-protection-sociale.html
https://lilycare.fr/blog/lilycare-bfm-business-pepite-good-morning-business,rendu_https_lilycare.fr_blog_lilycare-bfm-business-pepite-good-morning-business.html
https://lilycare.fr/blog/lilycare-cest-votre-argent-retraite-expatriation,rendu_https_lilycare.fr_blog_lilycare-cest-votre-argent-retraite-expatriation.html
https://lilycare.fr/blog/lilycare-chez-bsmart-pourquoi-faire-un-bilan-retraite,rendu_https_lilycare.fr_blog_lilycare-chez-bsmart-pourquoi-faire-un-bilan-retraite.html
https://lilycare.fr/blog/lilycare-dans-gestion-de-fortune-un-etonnant-sondage-sur-la-prevoyance-des-travailleurs-non-salaries-devoile-par-sonia-elmlinger,rendu_https_lilycare.fr_blog_lilycare-dans-gestion-de-fortune-un-etonnant-sondage-sur-la-prevoyance-des-travailleurs-non-salaries-devoile-par-sonia-elmlinger.html
https://lilycare.fr/blog/lilycare-et-lassurance-en-mouvement-la-vulnerabilite-alarmante-des-tns,rendu_https_lilycare.fr_blog_lilycare-et-lassurance-en-mouvement-la-vulnerabilite-alarmante-des-tns.html
https://lilycare.fr/blog/lilycare-figaro-succes-per,rendu_https_lilycare.fr_blog_lilycare-figaro-succes-per.html
https://lilycare.fr/blog/lilycare-lassurance-en-mouvement-innovation-assurance-independants,rendu_https_lilycare.fr_blog_lilycare-lassurance-en-mouvement-innovation-assurance-independants.html
https://lilycare.fr/blog/lilycare-les-affiches-parisiennes-interview-video-sonia-elmlinger,rendu_https_lilycare.fr_blog_lilycare-les-affiches-parisiennes-interview-video-sonia-elmlinger.html
https://lilycare.fr/blog/lilycare-patrimoine-24-interview-sonia-elmlinger-yannick-nold,rendu_https_lilycare.fr_blog_lilycare-patrimoine-24-interview-sonia-elmlinger-yannick-nold.html
https://lilycare.fr/blog/lilycare-radio-classique-prevoyance-des-travailleurs-non-salaries,rendu_https_lilycare.fr_blog_lilycare-radio-classique-prevoyance-des-travailleurs-non-salaries.html
https://lilycare.fr/blog/lilycare-radio-patrimoine-retraite,rendu_https_lilycare.fr_blog_lilycare-radio-patrimoine-retraite.html
https://lilycare.fr/blog/lilycare-radio-patrimoine-vulnerabilite-travailleurs-non-salaries,rendu_https_lilycare.fr_blog_lilycare-radio-patrimoine-vulnerabilite-travailleurs-non-salaries.html
https://lilycare.fr/blog/lilycare-soutient-association-82-4000-solidaires,rendu_https_lilycare.fr_blog_lilycare-soutient-association-82-4000-solidaires.html
https://lilycare.fr/blog/lilycare-sur-le-figaro-pourquoi-les-travailleurs-non-salaries-sont-faches-avec-leur-protection-sociale,rendu_https_lilycare.fr_blog_lilycare-sur-le-figaro-pourquoi-les-travailleurs-non-salaries-sont-faches-avec-leur-protection-sociale.html
https://lilycare.fr/blog/lilycare-sur-maddyness-les-secrets-dentrepreneurs-pour-se-ressourcer,rendu_https_lilycare.fr_blog_lilycare-sur-maddyness-les-secrets-dentrepreneurs-pour-se-ressourcer.html
https://lilycare.fr/blog/lilycare-tribune-assurance-lancement-bilan-retraite,rendu_https_lilycare.fr_blog_lilycare-tribune-assurance-lancement-bilan-retraite.html
https://lilycare.fr/blog/loi-ani-complementaire-sante-entreprise,rendu_https_lilycare.fr_blog_loi-ani-complementaire-sante-entreprise.html
https://lilycare.fr/blog/loi-evin-mutuelle-maintien-garanties,rendu_https_lilycare.fr_blog_loi-evin-mutuelle-maintien-garanties.html
https://lilycare.fr/blog/loi-madelin-independants,rendu_https_lilycare.fr_blog_loi-madelin-independants.html
https://lilycare.fr/blog/loi-pacte-definition-objectifs-impact-entreprises,rendu_https_lilycare.fr_blog_loi-pacte-definition-objectifs-impact-entreprises.html
https://lilycare.fr/blog/medecin-conventionne-secteur-2-optam,rendu_https_lilycare.fr_blog_medecin-conventionne-secteur-2-optam.html
https://lilycare.fr/blog/micro-entrepreneur-mutuelle-prevoyance,rendu_https_lilycare.fr_blog_micro-entrepreneur-mutuelle-prevoyance.html
https://lilycare.fr/blog/mutuelle-auto-entrepreneur-trouvez-meilleure-couverture,rendu_https_lilycare.fr_blog_mutuelle-auto-entrepreneur-trouvez-meilleure-couverture.html
https://lilycare.fr/blog/mutuelle-entreprise-obligatoire,rendu_https_lilycare.fr_blog_mutuelle-entreprise-obligatoire.html
https://lilycare.fr/blog/mutuelle-loi-madelin-comment-ca-marche,rendu_https_lilycare.fr_blog_mutuelle-loi-madelin-comment-ca-marche.html
https://lilycare.fr/blog/mutuelle-prevoyance-differences,rendu_https_lilycare.fr_blog_mutuelle-prevoyance-differences.html
https://lilycare.fr/blog/mutuelle-prevoyance-sage-femme-liberale,rendu_https_lilycare.fr_blog_mutuelle-prevoyance-sage-femme-liberale.html
https://lilycare.fr/blog/mutuelle-professionnel-sante-bien-choisir,rendu_https_lilycare.fr_blog_mutuelle-professionnel-sante-bien-choisir.html
https://lilycare.fr/blog/mutuelle-sans-delai-de-carence-professionnels,rendu_https_lilycare.fr_blog_mutuelle-sans-delai-de-carence-professionnels.html
https://lilycare.fr/blog/mutuelle-sante-expatries-comment-etre-bien-protege,rendu_https_lilycare.fr_blog_mutuelle-sante-expatries-comment-etre-bien-protege.html
https://lilycare.fr/blog/notaires-mutuelle-prevoyance,rendu_https_lilycare.fr_blog_notaires-mutuelle-prevoyance.html
https://lilycare.fr/blog/obtenir-devis-mutuelle-professionnel,rendu_https_lilycare.fr_blog_obtenir-devis-mutuelle-professionnel.html
https://lilycare.fr/blog/optam-definition,rendu_https_lilycare.fr_blog_optam-definition.html
https://lilycare.fr/blog/parcours-de-soins-definition-fonctionnement,rendu_https_lilycare.fr_blog_parcours-de-soins-definition-fonctionnement.html
https://lilycare.fr/blog/plan-epargne-retraite-fonctionnement-avantages,rendu_https_lilycare.fr_blog_plan-epargne-retraite-fonctionnement-avantages.html
https://lilycare.fr/blog/podcast-passion-patrimoine-journee-femmes,rendu_https_lilycare.fr_blog_podcast-passion-patrimoine-journee-femmes.html
https://lilycare.fr/blog/portabilite-mutuelle-definition,rendu_https_lilycare.fr_blog_portabilite-mutuelle-definition.html
https://lilycare.fr/blog/prelevement-a-la-source-travailleurs-independants,rendu_https_lilycare.fr_blog_prelevement-a-la-source-travailleurs-independants.html
https://lilycare.fr/blog/prevoyance-avocat,rendu_https_lilycare.fr_blog_prevoyance-avocat.html
https://lilycare.fr/blog/prevoyance-avocats-indemnites-journalieres,rendu_https_lilycare.fr_blog_prevoyance-avocats-indemnites-journalieres.html
https://lilycare.fr/blog/prix-mutuelle-sante-independants,rendu_https_lilycare.fr_blog_prix-mutuelle-sante-independants.html
https://lilycare.fr/blog/que-savoir-sur-prevoyance-autoentrepreneurs,rendu_https_lilycare.fr_blog_que-savoir-sur-prevoyance-autoentrepreneurs.html
https://lilycare.fr/blog/que-signifie-hors-parcours-de-soin,rendu_https_lilycare.fr_blog_que-signifie-hors-parcours-de-soin.html
https://lilycare.fr/blog/quest-ce-que-lassurance-responsabilite-civile-professionnelle-rc-pro,rendu_https_lilycare.fr_blog_quest-ce-que-lassurance-responsabilite-civile-professionnelle-rc-pro.html
https://lilycare.fr/blog/rc-pro-pourquoi-chaque-independant-doit-en-avoir-une,rendu_https_lilycare.fr_blog_rc-pro-pourquoi-chaque-independant-doit-en-avoir-une.html
https://lilycare.fr/blog/regimes-securite-sociale,rendu_https_lilycare.fr_blog_regimes-securite-sociale.html
https://lilycare.fr/blog/resiliation-contrat-prevoyance-independants,rendu_https_lilycare.fr_blog_resiliation-contrat-prevoyance-independants.html
https://lilycare.fr/blog/retraite-cipav-regime-obligatoire-professions-liberales,rendu_https_lilycare.fr_blog_retraite-cipav-regime-obligatoire-professions-liberales.html
https://lilycare.fr/blog/salarie-et-entreprise-individuelle,rendu_https_lilycare.fr_blog_salarie-et-entreprise-individuelle.html
https://lilycare.fr/blog/semaine-de-la-prevention-lilycare-2024-les-replays-sont-disponibles,rendu_https_lilycare.fr_blog_semaine-de-la-prevention-lilycare-2024-les-replays-sont-disponibles.html
https://lilycare.fr/blog/simulateur-mutuelle-pour-professionnels-trouvez-la-meilleure-protection-avec-lilycare,rendu_https_lilycare.fr_blog_simulateur-mutuelle-pour-professionnels-trouvez-la-meilleure-protection-avec-lilycare.html
https://lilycare.fr/blog/souscription-mutuelle-pour-professionnels,rendu_https_lilycare.fr_blog_souscription-mutuelle-pour-professionnels.html
https://lilycare.fr/blog/ticket-moderateur-tout-savoir,rendu_https_lilycare.fr_blog_ticket-moderateur-tout-savoir.html
https://lilycare.fr/blog/united-women-magazine-la-protection-sociale-des-femmes-dirigeantes,rendu_https_lilycare.fr_blog_united-women-magazine-la-protection-sociale-des-femmes-dirigeantes.html
https://lilycare.fr/blog,rendu_https_lilycare.fr_blog.html
https://lilycare.fr/conditions-utilisation,rendu_https_lilycare.fr_conditions-utilisation.html
https://lilycare.fr/contact,rendu_https_lilycare.fr_contact.html
https://lilycare.fr/devis,rendu_https_lilycare.fr_devis.html
https://lilycare.fr/epargne-retraite-independant,rendu_https_lilycare.fr_epargne-retraite-independant.html
https://lilycare.fr/epargne-salariale-tpe-pme,rendu_https_lilycare.fr_epargne-salariale-tpe-pme.html
https://lilycare.fr/espace-presse,rendu_https_lilycare.fr_espace-presse.html
https://lilycare.fr/faq,rendu_https_lilycare.fr_faq.html
https://lilycare.fr/mentions-legales,rendu_https_lilycare.fr_mentions-legales.html
https://lilycare.fr/mutuelle-et-prevoyance-avocats,rendu_https_lilycare.fr_mutuelle-et-prevoyance-avocats.html
https://lilycare.fr/mutuelle-prevoyance-audioprothesistes,rendu_https_lilycare.fr_mutuelle-prevoyance-audioprothesistes.html
https://lilycare.fr/mutuelle-prevoyance-dentistes,rendu_https_lilycare.fr_mutuelle-prevoyance-dentistes.html
https://lilycare.fr/mutuelle-prevoyance-huissiers-de-justice,rendu_https_lilycare.fr_mutuelle-prevoyance-huissiers-de-justice.html
https://lilycare.fr/mutuelle-prevoyance-microentrepreneurs,rendu_https_lilycare.fr_mutuelle-prevoyance-microentrepreneurs.html
https://lilycare.fr/mutuelle-prevoyance-notaires,rendu_https_lilycare.fr_mutuelle-prevoyance-notaires.html
https://lilycare.fr/mutuelle-professionnelle/mutuelle-sante-artisans,rendu_https_lilycare.fr_mutuelle-professionnelle_mutuelle-sante-artisans.html
https://lilycare.fr/mutuelle-professionnelle/mutuelle-sante-auto-entrepreneurs,rendu_https_lilycare.fr_mutuelle-professionnelle_mutuelle-sante-auto-entrepreneurs.html
https://lilycare.fr/mutuelle-professionnelle/mutuelle-sante-commercants,rendu_https_lilycare.fr_mutuelle-professionnelle_mutuelle-sante-commercants.html
https://lilycare.fr/mutuelle-professionnelle/mutuelle-sante-consultants,rendu_https_lilycare.fr_mutuelle-professionnelle_mutuelle-sante-consultants.html
https://lilycare.fr/mutuelle-professionnelle/mutuelle-sante-expatries,rendu_https_lilycare.fr_mutuelle-professionnelle_mutuelle-sante-expatries.html
https://lilycare.fr/mutuelle-professionnelle/mutuelle-sante-expert-comptable,rendu_https_lilycare.fr_mutuelle-professionnelle_mutuelle-sante-expert-comptable.html
https://lilycare.fr/mutuelle-professionnelle/mutuelle-sante-independants,rendu_https_lilycare.fr_mutuelle-professionnelle_mutuelle-sante-independants.html
https://lilycare.fr/mutuelle-professionnelle/mutuelle-sante-professions-liberales,rendu_https_lilycare.fr_mutuelle-professionnelle_mutuelle-sante-professions-liberales.html
https://lilycare.fr/mutuelle-professionnelle/mutuelle-sante-professions-medicales,rendu_https_lilycare.fr_mutuelle-professionnelle_mutuelle-sante-professions-medicales.html
https://lilycare.fr/mutuelle-professionnelle/mutuelle-sante-professions-paramedicales,rendu_https_lilycare.fr_mutuelle-professionnelle_mutuelle-sante-professions-paramedicales.html
https://lilycare.fr/mutuelle-professionnelle,rendu_https_lilycare.fr_mutuelle-professionnelle.html
https://lilycare.fr/partenaires-prevention,rendu_https_lilycare.fr_partenaires-prevention.html
https://lilycare.fr/politique-confidentialite,rendu_https_lilycare.fr_politique-confidentialite.html
https://lilycare.fr/prevoyance-autoentrepreneur,rendu_https_lilycare.fr_prevoyance-autoentrepreneur.html
https://lilycare.fr/prevoyance-professionnelle/prevoyance-commercant,rendu_https_lilycare.fr_prevoyance-professionnelle_prevoyance-commercant.html
https://lilycare.fr/prevoyance-professionnelle/prevoyance-consultant,rendu_https_lilycare.fr_prevoyance-professionnelle_prevoyance-consultant.html
https://lilycare.fr/prevoyance-professionnelle/prevoyance-expatries,rendu_https_lilycare.fr_prevoyance-professionnelle_prevoyance-expatries.html
https://lilycare.fr/prevoyance-professionnelle/prevoyance-expert-comptable,rendu_https_lilycare.fr_prevoyance-professionnelle_prevoyance-expert-comptable.html
https://lilycare.fr/prevoyance-professionnelle/prevoyance-independants,rendu_https_lilycare.fr_prevoyance-professionnelle_prevoyance-independants.html
https://lilycare.fr/prevoyance-professionnelle/prevoyance-professions-liberales,rendu_https_lilycare.fr_prevoyance-professionnelle_prevoyance-professions-liberales.html
https://lilycare.fr/prevoyance-professionnelle/prevoyance-professions-medicales,rendu_https_lilycare.fr_prevoyance-professionnelle_prevoyance-professions-medicales.html
https://lilycare.fr/prevoyance-professionnelle/prevoyance-professions-paramedicales,rendu_https_lilycare.fr_prevoyance-professionnelle_prevoyance-professions-paramedicales.html
https://lilycare.fr/prevoyance-professionnelle,rendu_https_lilycare.fr_prevoyance-professionnelle.html
https://lilycare.fr/protection-sociale-salaries,rendu_https_lilycare.fr_protection-sociale-salaries.html
https://lilycare.fr/responsabilite-civile-pro,rendu_https_lilycare.fr_responsabilite-civile-pro.html
https://lilycare.fr/temoignages-clients,rendu_https_lilycare.fr_temoignages-clients.html
